start,length
0x00008394,306
0x00008954,566
0x00008F88,38
0x0000921C,1996
0x00009C18,8
0x00009DF4,8
0x0000A5C4,262
0x0000AC34,144
0x0000B570,24
0x0000B628,446
0x0000B9F0,406
0x0000C1F4,1082
0x0000D280,296
0x0000D898,324
0x0000E2D4,76
0x0000E3C4,382
0x0000EF0C,570
0x0000FDD0,52
0x0000FFD0,34
0x0001020C,38
0x000102F8,650
0x00010988,42
0x00010B78,118
0x00010ED4,70
0x00010F6C,204
0x000112C0,158
0x00011B94,258
0x000125EC,250
0x00012D40,460
0x000136E4,926
0x000143CC,1042
0x0001584C,74
0x00015C60,1522
0x00016D14,1474
0x00017C80,128
0x00018174,236
0x0001853C,504
0x00019020,716
0x0001994C,280
0x00019BE8,1396
0x0001B0CC,1268
0x0001B81C,346
0x0001BFC8,640
0x0001C6FC,70
0x0001C7B8,72
0x0001C888,118
0x0001C99C,178
0x0001CB10,196
0x0001CDCC,40
0x0001D1F0,586
0x0001DD0C,418
0x0001E814,1098
0x0001F6EC,84
0x0001F748,1262
0x00020C34,1724
0x00021FA8,934
0x00023084,242
0x000234F0,98
0x00023658,52
0x00023818,506
0x000241C4,22
0x00024398,2160
0x00025784,1452
0x00026680,316
0x00026A78,92
0x00026DA8,336
0x000272B8,964
0x00027DF0,972
0x000289F8,1756
0x00029A7C,1110
0x0002AA5C,414
0x0002B068,78
0x0002B790,718
0x0002CA60,298
0x0002CF6C,532
0x0002D7CC,1356
0x0002E7D8,1674
0x0002F014,112
0x0002F3B4,38
0x0002F690,436
0x000303F0,82
0x00030570,2326
0x00031958,1246
0x000326E8,2352
0x00033AE0,32
0x00033CE4,1306
0x00034A7C,602
0x00035028,714
0x00035D60,2202
0x000376BC,254
0x00037944,36
0x00037B1C,152
0x00037E44,432
0x000384A8,40
0x00038710,16
0x00038A4C,324
0x00038D00,148
0x00038E94,150
0x00039030,72
0x00039158,170
0x00039310,44
0x00039380,70
0x00039428,148
0x00039574,356
0x000397F4,254
0x000399EC,518
0x00039EB8,452
0x0003A3DC,34
0x0003A770,1362
0x0003B788,500
0x0003BFB8,8
0x0003BFC8,16
0x0003BFE0,8
0x0003BFF0,68
0x0003C03C,114
0x0003C890,136
0x0003CB3C,722
0x0003D848,28
0x0003D86C,152
0x0003D90C,76
0x0003E3EC,184
0x0003E4B0,146
0x0003EAE8,262
0x0003F198,30
0x0003F244,28
0x0003F2EC,26
0x0003F394,28
0x0003F43C,32
0x0003F4E8,6
0x0003F558,28
0x0003F8D0,188
0x0003F994,3890
0x00042144,3228
0x00044C34,170
0x00044F1C,890
0x00045650,292
0x00045A64,110
0x00045F50,5974
0x00048A04,6352
0x0004B920,4454
0x0004F394,340
0x0004F6A4,426
0x00050988,318
0x00050BE8,1050
0x00051A18,366
0x00052578,506
0x00054788,320
0x00054988,2052
0x00056ABC,204
0x00056D90,154
0x00057000,160
0x00057130,92
0x00057334,116
0x00057400,82
0x000574D4,312
0x000578FC,106
0x000579D4,62
0x00057A6C,266
0x00057D08,90
0x00057E88,100
0x000580E8,116
0x00058160,30
0x00058254,126
0x00058F24,294
0x0005923C,22
0x000593C0,194
0x000595A8,312
0x00059870,312
0x00059A88,1094
0x0005A198,9518
0x0005C804,254
0x0005CE64,64
0x0005D108,32
0x0005D1A8,146
0x0005D2F0,134
0x0005D420,102
0x0005D548,168
0x0005D6A0,120
0x0005D7B8,74
0x0005D8B0,66
0x0005D974,44
0x0005DA30,40
0x0005DAE8,278
0x0005DDE8,16
0x0005DE74,240
0x0005E0CC,136
0x0005E2A4,32
0x0005E388,504
0x0005EF20,568
0x0005FA98,1720
0x001FB938,18120
